approach,n_templates,mean_auc,best_auc,mean_sep,best_sep,mean_parse_rate,mean_generation_seconds
score_then_justification,2,0.7680451127819549,0.8110275689223058,29.405764411027565,37.23659147869674,1.0,1.4718685138993246
no_justification,2,0.7038847117794487,0.7365914786967419,22.79097744360903,31.734837092731837,1.0,0.5060762151577162
justification_then_score,2,0.5241854636591479,0.5305764411027569,7.110275689223055,20.43609022556391,1.0,1.629384085691274
