condition,n_passwords,avg_zxcvbn_log10,avg_best_llm_log10,avg_uniform_mixture_llm_log10,avg_best_plus_log10M_llm_log10,avg_qwen25_1p5b_llm_remainder_log10,avg_mistral7b_v03_llm_remainder_log10
control,45,9.468805496788923,7.451858103029449,7.666424061347859,7.752888098693431,8.578081538336438,7.6681034814967
linked,45,9.862577176974172,6.4953918978868845,6.696393280322214,6.796421893550866,7.678280939177421,6.706686180310133
random,10,9.775417518450535,8.450811805008739,8.6244514294402,8.75184180067272,8.54116239759877,9.320655169712978
