condition,n_passwords,avg_zxcvbn_log10,avg_best_llm_log10,avg_uniform_mixture_llm_log10,avg_best_plus_log10M_llm_log10,avg_qwen25_1p5b_llm_remainder_log10,avg_mistral7b_v03_llm_remainder_log10
control,45,9.468805496788923,7.4519239732296585,7.666546613924045,7.752953968893639,8.577917648545144,7.668310885359981
linked,45,9.862577176974172,6.495465618205045,6.696411644371492,6.796495613869027,7.678273366998912,6.706744974609167
random,10,9.775417518450535,8.4512322025579,8.624962072000129,8.752262198221882,8.541587500132405,9.32134143585878
